run,parameter,value,percentile_in_range,kindness_percentile
r1,cog_auto_2032,0.4465,56.1,43.9
r1,robot_lag_years,7.1468,85.8,85.8
r1,jevons,1.6444,79.1,79.1
r1,new_task_rate,0.9408,74.1,74.1
r1,diffusion_t50,3.6637,10.5,10.5
r1,passthrough,0.7853,83.6,83.6
r1,wage_share,-0.2619,4.2,4.2
r1,housing_supply,0.9487,94.9,94.9
r1,demand_mult,0.5302,3.0,97.0
r1,policy_lag_years,1.627,21.1,78.9
r1,policy_scale_pct,4.2833,53.3,53.3
r2,cog_auto_2032,0.5876,96.5,3.5
r2,robot_lag_years,2.7302,12.2,12.2
r2,jevons,1.2463,55.7,55.7
r2,new_task_rate,0.6501,45.0,45.0
r2,diffusion_t50,3.7296,11.5,11.5
r2,passthrough,0.6362,62.3,62.3
r2,wage_share,-0.0335,29.6,29.6
r2,housing_supply,0.7514,75.1,75.1
r2,demand_mult,1.2662,76.6,23.4
r2,policy_lag_years,1.2443,9.5,90.5
r2,policy_scale_pct,5.1286,66.1,66.1
r3,cog_auto_2032,0.5798,94.2,5.8
r3,robot_lag_years,4.7873,46.5,46.5
r3,jevons,1.6805,81.2,81.2
r3,new_task_rate,0.8818,68.2,68.2
r3,diffusion_t50,9.2356,59.3,59.3
r3,passthrough,0.546,49.4,49.4
r3,wage_share,0.5589,95.4,95.4
r3,housing_supply,0.9909,99.1,99.1
r3,demand_mult,0.6754,17.5,82.5
r3,policy_lag_years,1.3966,14.5,85.5
r3,policy_scale_pct,6.1635,79.0,79.0
r4,cog_auto_2032,0.4012,43.2,56.8
r4,robot_lag_years,3.8374,30.6,30.6
r4,jevons,1.6652,80.3,80.3
r4,new_task_rate,1.07,87.0,87.0
r4,diffusion_t50,3.0802,1.4,1.4
r4,passthrough,0.6436,63.4,63.4
r4,wage_share,0.537,93.0,93.0
r4,housing_supply,0.9645,96.5,96.5
r4,demand_mult,0.7456,24.6,75.4
r4,policy_lag_years,6.1173,78.7,21.3
r4,policy_scale_pct,1.4545,7.1,7.1
r5,cog_auto_2032,0.3792,36.9,63.1
r5,robot_lag_years,5.9687,66.1,66.1
r5,jevons,0.6864,22.7,22.7
r5,new_task_rate,0.9785,77.8,77.8
r5,diffusion_t50,14.1084,81.6,81.6
r5,passthrough,0.5862,55.2,55.2
r5,wage_share,0.42,80.0,80.0
r5,housing_supply,0.4139,41.4,41.4
r5,demand_mult,0.7118,21.2,78.8
r5,policy_lag_years,5.266,72.1,27.9
r5,policy_scale_pct,2.5749,22.1,22.1
