run,outcome,played,pctile_vs_default,pctile_vs_laissez,pctile_vs_active
r1,unemployment_2036,2.93,0.0,0.0,0.0
r1,peak_unemployment,4.1,0.0,0.0,0.0
r1,participation_2036,64.63,99.7,99.7,98.7
r1,emp_pop_2036,62.73,100.0,100.0,100.0
r1,min_emp_pop,58.98,84.6,88.7,99.5
r1,jobs_destroyed_total,37.61,93.1,85.4,99.5
r1,jobs_created_total,47.88,99.9,98.9,99.7
r1,created_per_destroyed,1.273,99.1,99.3,80.1
r1,median_income_2036,135.3,99.9,100.0,98.7
r1,bottom20_income_2036,132.5,92.0,100.0,5.7
r1,top1_share_2036,22.9,61.7,42.9,91.3
r1,labour_share_2036,45.8,38.7,53.1,22.4
r1,gdp_index_2036,155.9,99.2,98.3,99.4
r1,poverty_2036,7.3,8.0,0.0,91.9
r1,homeless_2036,12.2,3.2,0.0,50.0
r1,housing_cost_2036,76.8,0.5,0.5,9.5
r1,deficit_2036,4.0,0.8,1.3,0.0
r2,unemployment_2036,4.31,14.0,6.6,41.1
r2,peak_unemployment,4.47,20.3,9.3,52.7
r2,participation_2036,58.57,9.8,14.9,0.2
r2,emp_pop_2036,56.05,20.5,31.6,4.7
r2,min_emp_pop,56.05,21.1,31.6,4.7
r2,jobs_destroyed_total,53.47,100.0,98.0,100.0
r2,jobs_created_total,44.87,99.6,98.7,99.4
r2,created_per_destroyed,0.839,62.0,66.6,21.5
r2,median_income_2036,120.6,94.6,95.6,56.6
r2,bottom20_income_2036,118.7,88.8,98.0,0.0
r2,top1_share_2036,25.8,96.1,86.0,99.8
r2,labour_share_2036,38.8,5.1,12.4,0.8
r2,gdp_index_2036,152.2,98.7,96.8,98.7
r2,poverty_2036,9.2,11.2,2.0,100.0
r2,homeless_2036,13.1,4.3,0.0,66.2
r2,housing_cost_2036,75.7,0.2,0.3,4.7
r2,deficit_2036,5.3,18.8,21.3,0.0
r3,unemployment_2036,3.27,0.8,0.7,7.7
r3,peak_unemployment,4.87,37.9,21.3,73.5
r3,participation_2036,62.24,93.9,92.1,81.1
r3,emp_pop_2036,60.21,97.5,97.2,85.7
r3,min_emp_pop,57.37,43.2,53.0,16.6
r3,jobs_destroyed_total,19.76,56.8,41.1,75.3
r3,jobs_created_total,22.9,83.0,76.5,82.5
r3,created_per_destroyed,1.159,96.0,96.8,66.1
r3,median_income_2036,126.7,99.0,99.5,85.1
r3,bottom20_income_2036,122.1,90.3,99.5,0.0
r3,top1_share_2036,20.9,3.6,1.0,47.0
r3,labour_share_2036,50.4,93.0,96.5,85.2
r3,gdp_index_2036,130.9,73.5,65.6,75.4
r3,poverty_2036,8.7,9.7,0.5,100.0
r3,homeless_2036,14.1,5.4,0.0,83.3
r3,housing_cost_2036,82.5,8.3,9.6,34.5
r3,deficit_2036,5.2,15.2,17.6,0.0
r4,unemployment_2036,3.91,4.4,2.4,22.5
r4,peak_unemployment,4.36,15.9,6.1,44.5
r4,participation_2036,61.38,72.0,71.5,48.0
r4,emp_pop_2036,58.97,81.0,84.4,59.5
r4,min_emp_pop,58.44,70.2,75.4,41.7
r4,jobs_destroyed_total,29.55,81.9,71.8,94.0
r4,jobs_created_total,29.57,92.4,88.5,92.0
r4,created_per_destroyed,1.001,84.4,86.5,44.8
r4,median_income_2036,130.4,99.6,99.7,93.8
r4,bottom20_income_2036,136.5,92.6,100.0,17.1
r4,top1_share_2036,22.2,41.4,26.1,81.9
r4,labour_share_2036,46.5,45.9,59.8,27.6
r4,gdp_index_2036,142.1,93.9,88.9,94.7
r4,poverty_2036,6.9,7.4,0.0,80.2
r4,homeless_2036,12.0,2.7,0.0,45.6
r4,housing_cost_2036,80.9,5.5,6.4,29.9
r4,deficit_2036,4.5,2.8,3.5,0.0
r5,unemployment_2036,4.01,5.9,2.9,25.8
r5,peak_unemployment,5.33,58.1,35.2,85.0
r5,participation_2036,61.53,76.3,75.2,55.9
r5,emp_pop_2036,59.06,82.8,85.7,63.0
r5,min_emp_pop,57.45,45.1,55.1,17.3
r5,jobs_destroyed_total,14.17,32.8,20.2,53.3
r5,jobs_created_total,14.23,51.0,43.9,50.4
r5,created_per_destroyed,1.004,84.5,86.7,45.1
r5,median_income_2036,116.2,83.3,86.5,31.5
r5,bottom20_income_2036,115.4,84.0,93.6,0.0
r5,top1_share_2036,20.8,1.6,0.5,42.2
r5,labour_share_2036,50.7,95.7,98.4,90.3
r5,gdp_index_2036,123.4,34.8,29.0,38.3
r5,poverty_2036,9.7,15.6,6.0,100.0
r5,homeless_2036,14.6,6.1,0.0,90.6
r5,housing_cost_2036,92.1,33.6,34.5,62.0
r5,deficit_2036,6.0,56.0,54.3,0.6
