run,behaviour,unemployment_2036,peak_unemployment,participation_2036,emp_pop_2036,min_emp_pop,jobs_destroyed_total,jobs_created_total,created_per_destroyed,median_income_2036,bottom20_income_2036,top1_share_2036,labour_share_2036,gdp_index_2036,poverty_2036,homeless_2036,housing_cost_2036,deficit_2036
r1,played,2.93,4.1,64.63,62.73,58.98,37.61,47.88,1.273,135.3,132.5,22.9,45.8,155.9,7.3,12.2,76.8,4.0
r1,laissez_dice_only,2.96,4.22,64.04,62.15,59.08,41.19,49.77,1.208,128.7,126.7,24.1,43.0,160.7,8.0,16.0,80.9,3.6
r1,laissez_same_events,2.93,4.83,64.63,62.73,58.79,41.69,52.0,1.247,129.4,127.4,23.8,43.7,159.5,7.9,15.9,81.4,3.6
r1,default_dice_only,2.94,4.15,63.96,62.08,59.09,34.2,42.6,1.246,128.6,126.7,23.4,44.9,153.1,8.0,15.7,79.9,3.8
r1,default_same_events,2.92,4.62,64.37,62.49,58.7,35.33,44.95,1.272,128.2,126.0,23.1,45.5,152.0,8.1,16.0,81.9,3.8
r1,active_dice_only,2.97,4.1,64.63,62.71,59.06,27.28,39.08,1.433,134.7,171.5,21.9,45.9,147.3,4.4,9.7,75.8,6.4
r1,active_same_events,2.97,4.35,64.63,62.71,58.73,29.49,41.35,1.402,134.2,169.9,21.7,46.5,145.6,4.5,9.9,76.8,6.5
r1,played_no_events,2.93,4.1,64.63,62.73,59.05,38.14,48.37,1.268,136.0,133.2,23.1,45.2,158.3,7.3,12.1,76.2,3.9
r2,played,4.31,4.47,58.57,56.05,56.05,53.47,44.87,0.839,120.6,118.7,25.8,38.8,152.2,9.2,13.1,75.7,5.3
r2,laissez_dice_only,9.89,9.89,57.25,51.59,51.59,59.54,38.35,0.644,100.3,101.5,28.9,31.6,147.8,12.5,20.1,82.2,6.2
r2,laissez_same_events,10.34,10.34,56.88,51.0,51.0,67.97,45.1,0.664,99.0,100.5,29.4,30.5,150.2,12.8,20.5,83.0,6.2
r2,default_dice_only,5.8,6.77,58.21,54.83,54.83,50.49,39.42,0.781,119.8,178.3,25.2,36.0,147.7,4.1,11.0,84.2,8.4
r2,default_same_events,7.24,7.24,58.28,54.06,54.06,57.32,45.51,0.794,118.7,178.9,25.7,34.8,148.6,4.0,10.8,82.5,8.5
r2,active_dice_only,4.82,4.82,61.38,58.42,58.42,38.34,38.04,0.992,126.2,164.3,24.5,39.5,148.8,4.8,10.2,75.0,6.8
r2,active_same_events,5.24,5.32,61.06,57.86,57.49,48.4,46.55,0.962,123.0,160.5,24.8,38.6,149.3,5.0,10.7,78.2,6.9
r2,played_no_events,4.31,4.35,58.57,56.04,56.04,46.26,37.66,0.814,120.7,119.1,25.7,39.1,150.2,9.1,12.9,74.3,5.4
r3,played,3.27,4.87,62.24,60.21,57.37,19.76,22.9,1.159,126.7,122.1,20.9,50.4,130.9,8.7,14.1,82.5,5.2
r3,laissez_dice_only,6.82,6.82,59.76,55.69,55.69,25.6,15.97,0.624,115.9,111.8,23.5,44.6,129.7,10.3,17.5,81.1,5.9
r3,laissez_same_events,6.43,6.43,60.25,56.37,56.37,27.71,20.01,0.722,115.8,111.3,23.0,45.7,129.5,10.4,18.0,84.7,5.7
r3,default_dice_only,5.88,5.88,59.94,56.42,56.42,21.34,13.77,0.645,116.5,112.7,22.9,46.1,127.5,10.2,17.4,81.3,5.8
r3,default_same_events,5.58,5.58,60.39,57.02,57.02,23.7,17.83,0.752,116.3,112.0,22.5,47.0,127.3,10.3,17.9,84.9,5.7
r3,active_dice_only,4.96,4.96,61.01,57.99,57.99,16.29,14.79,0.908,127.0,154.4,21.1,48.0,126.8,5.4,10.5,76.7,8.1
r3,active_same_events,4.8,4.8,61.13,58.19,58.19,15.93,14.97,0.94,124.9,150.9,20.9,48.5,125.9,5.7,11.1,81.0,8.1
r3,played_no_events,3.35,4.32,61.85,59.78,58.52,18.19,20.11,1.106,127.0,122.7,21.2,49.6,131.5,8.6,13.8,80.0,5.3
r4,played,3.91,4.36,61.38,58.97,58.44,29.55,29.57,1.001,130.4,136.5,22.2,46.5,142.1,6.9,12.0,80.9,4.5
r4,laissez_dice_only,5.8,5.8,61.07,57.53,57.53,39.13,34.7,0.887,129.2,122.1,23.7,44.0,148.5,8.6,16.0,80.0,4.4
r4,laissez_same_events,4.93,5.34,61.62,58.58,58.04,40.74,39.3,0.965,132.4,123.9,23.5,44.7,153.4,8.4,16.2,83.8,3.9
r4,default_dice_only,5.07,5.07,61.07,57.98,57.98,33.32,30.16,0.905,128.1,121.8,23.1,45.5,143.5,8.7,16.0,80.1,4.5
r4,default_same_events,4.34,4.79,61.67,58.99,58.31,34.91,34.64,0.992,131.0,123.4,22.9,46.1,148.0,8.5,16.2,83.8,4.1
r4,active_dice_only,3.7,4.19,62.45,60.14,58.66,25.9,30.54,1.179,139.8,169.0,21.1,48.0,141.6,4.5,9.6,76.0,6.7
r4,active_same_events,3.04,4.21,62.98,61.07,58.62,27.47,34.74,1.265,142.8,171.3,20.9,48.5,145.6,4.4,9.7,78.8,6.4
r4,played_no_events,4.37,4.37,60.89,58.23,58.23,28.65,26.37,0.92,127.2,133.8,22.4,45.9,139.3,7.2,12.2,80.2,4.8
r5,played,4.01,5.33,61.53,59.06,57.45,14.17,14.23,1.004,116.2,115.4,20.8,50.7,123.4,9.7,14.6,92.1,6.0
r5,laissez_dice_only,4.78,4.78,61.58,58.63,58.63,11.67,10.35,0.887,109.3,103.9,21.3,49.8,124.0,11.9,22.0,106.4,5.6
r5,laissez_same_events,5.05,5.88,61.27,58.18,57.34,17.72,15.14,0.854,109.8,104.9,21.6,49.1,124.2,11.7,21.3,102.1,5.7
r5,default_dice_only,4.46,4.46,61.53,58.78,58.78,9.55,8.65,0.906,109.1,103.9,21.0,50.4,122.5,11.9,22.0,106.3,5.6
r5,default_same_events,4.65,5.57,61.21,58.36,57.36,15.46,13.42,0.868,109.7,104.9,21.3,49.8,122.6,11.7,21.3,101.9,5.7
r5,active_dice_only,4.13,4.17,61.66,59.11,58.53,7.51,9.22,1.228,119.1,142.1,19.9,50.9,121.4,6.4,12.8,92.5,8.3
r5,active_same_events,4.33,5.29,61.41,58.75,57.29,14.43,15.16,1.051,119.0,142.4,20.1,50.4,121.4,6.4,12.6,90.7,8.4
r5,played_no_events,3.98,4.3,61.65,59.2,58.8,9.71,10.15,1.045,116.1,115.3,20.6,51.0,122.9,9.7,14.7,92.4,6.0
