run,hand,behaviour,unemployment_2036,peak_unemployment,participation_2036,emp_pop_2036,min_emp_pop,jobs_destroyed_total,jobs_created_total,created_per_destroyed,median_income_2036,bottom20_income_2036,top1_share_2036,labour_share_2036,gdp_index_2036,poverty_2036,homeless_2036,housing_cost_2036,deficit_2036,avg_weekly_hours_2036
r1,all_median,played_decisions,3.8,4.47,60.36,58.07,57.59,21.62,18.77,0.868,116.0,111.6,22.1,47.6,129.1,10.3,15.5,89.6,5.8,33.41
r1,all_median,played_decisions_no_events,3.93,4.16,60.42,58.04,58.04,21.03,18.04,0.858,116.5,112.1,22.3,47.4,130.0,10.3,15.4,89.1,5.7,33.34
r1,all_median,default_same_events,4.86,5.23,60.81,57.85,57.67,20.75,17.26,0.832,108.6,104.6,22.5,47.0,126.8,11.8,21.2,99.9,5.6,33.92
r1,all_median,laissez_same_events,5.38,5.54,60.87,57.59,57.48,24.46,20.24,0.827,108.7,104.6,23.0,45.8,129.7,11.8,21.3,99.8,5.6,33.83
r1,all_median,active_same_events,4.2,5.15,61.49,58.91,57.55,18.24,19.36,1.061,119.6,145.1,20.8,48.6,125.9,6.1,12.4,89.5,8.1,33.21
r1,harsh_response_own_tech,played_decisions,4.85,5.02,57.73,54.93,54.93,30.93,19.21,0.621,100.2,97.6,25.0,40.9,128.4,13.5,18.9,100.1,6.6,33.01
r1,harsh_response_own_tech,played_decisions_no_events,5.23,5.23,57.05,54.07,54.07,31.47,17.29,0.549,97.7,95.6,25.5,39.6,127.9,14.1,19.3,100.3,6.8,32.92
r1,harsh_response_own_tech,default_same_events,6.31,6.31,58.36,54.68,54.68,31.59,20.05,0.635,101.1,135.9,24.0,39.8,125.0,7.0,16.3,108.2,9.6,33.75
r1,harsh_response_own_tech,laissez_same_events,9.15,9.15,57.12,51.89,51.89,38.36,18.06,0.471,86.3,86.1,27.2,35.8,123.0,17.4,28.3,108.1,7.7,33.63
r1,harsh_response_own_tech,active_same_events,5.75,5.99,59.77,56.34,56.25,25.65,19.38,0.756,104.5,130.4,23.5,42.0,124.5,7.6,14.5,98.6,9.0,32.7
r1,harsh_all,played_decisions,5.63,5.63,55.57,52.45,52.45,42.0,23.27,0.554,95.1,93.8,26.9,36.2,132.2,14.7,19.6,98.6,6.9,32.47
r1,harsh_all,played_decisions_no_events,6.19,6.19,54.57,51.19,51.19,43.27,20.98,0.485,91.8,91.2,27.6,34.5,131.1,15.5,20.3,98.5,7.2,32.35
r1,harsh_all,default_same_events,7.8,7.8,56.61,52.19,52.19,42.73,23.27,0.545,95.8,133.7,26.0,34.9,128.0,7.2,16.5,105.9,9.7,33.51
r1,harsh_all,laissez_same_events,11.96,11.96,54.92,48.35,48.35,52.21,21.9,0.419,78.9,81.2,29.7,29.8,125.2,19.6,30.5,105.1,8.3,33.33
r1,harsh_all,active_same_events,6.63,6.63,58.99,55.08,55.08,33.69,23.79,0.706,101.2,129.5,25.0,38.1,128.4,7.7,14.6,97.6,9.0,32.03
r2,all_median,played_decisions,3.88,4.53,60.36,58.02,57.38,25.89,22.83,0.882,116.8,113.0,22.2,47.4,129.0,10.1,14.5,86.7,6.1,33.14
r2,all_median,played_decisions_no_events,3.93,4.28,60.36,57.98,57.98,19.13,16.0,0.836,116.9,113.5,22.1,47.6,127.6,10.0,14.2,84.8,6.2,33.23
r2,all_median,default_same_events,4.45,5.52,61.06,58.35,57.51,26.16,25.77,0.985,116.6,140.1,21.6,46.9,130.3,6.6,15.4,99.5,7.6,33.85
r2,all_median,laissez_same_events,6.17,6.17,60.65,56.91,56.91,30.53,24.33,0.797,107.1,103.1,23.5,44.5,130.9,12.1,21.7,100.2,5.7,33.76
r2,all_median,active_same_events,4.58,5.5,61.49,58.68,57.21,24.12,24.59,1.019,120.2,146.6,21.2,47.8,127.4,6.0,12.1,87.8,8.0,33.0
r2,harsh_response_own_tech,played_decisions,6.19,6.19,53.79,50.45,50.45,49.82,25.49,0.512,89.2,90.0,28.2,33.2,129.4,15.9,19.5,96.0,7.7,31.82
r2,harsh_response_own_tech,played_decisions_no_events,6.25,6.25,53.98,50.61,50.61,42.74,18.84,0.441,90.7,91.9,28.0,33.6,128.3,15.3,18.5,91.6,7.8,31.91
r2,harsh_response_own_tech,default_same_events,10.98,10.98,54.56,48.57,48.57,55.58,28.61,0.515,88.5,135.6,27.5,30.0,125.6,7.0,16.1,105.2,10.7,33.32
r2,harsh_response_own_tech,laissez_same_events,14.39,14.39,52.76,45.17,45.17,62.91,23.65,0.376,71.6,75.9,31.5,25.5,124.3,22.4,34.2,106.1,9.0,33.12
r2,harsh_response_own_tech,active_same_events,8.28,8.28,57.84,53.05,53.05,45.63,29.99,0.657,95.0,125.0,26.6,34.1,129.8,8.3,15.4,99.4,9.2,31.41
r2,harsh_all,played_decisions,5.92,5.92,54.63,51.4,51.4,46.4,24.71,0.533,91.2,91.4,27.5,34.7,128.6,15.4,19.2,96.7,7.6,32.03
r2,harsh_all,played_decisions_no_events,5.94,5.94,54.89,51.63,51.63,39.02,18.01,0.462,93.0,93.5,27.3,35.3,127.6,14.8,18.2,92.3,7.6,32.14
r2,harsh_all,default_same_events,8.84,8.84,55.56,50.65,50.65,48.88,25.05,0.512,93.3,139.3,26.5,32.6,127.3,6.6,15.7,106.3,10.3,33.42
r2,harsh_all,laissez_same_events,13.46,13.46,53.75,46.51,46.51,58.57,23.08,0.394,74.2,77.5,30.7,27.5,123.8,21.5,33.4,107.1,8.8,33.23
r2,harsh_all,active_same_events,7.65,7.65,58.41,53.94,53.94,42.22,29.13,0.69,97.5,126.7,25.9,35.9,129.0,8.0,15.2,99.0,9.2,31.69
r3,all_median,played_decisions,3.04,4.84,63.2,61.28,57.41,17.6,23.78,1.351,120.8,115.7,20.5,51.4,131.1,9.6,16.4,96.5,5.1,32.96
r3,all_median,played_decisions_no_events,3.07,4.3,62.93,61.0,58.57,15.87,21.25,1.339,121.3,116.6,20.8,50.6,131.9,9.5,16.0,93.5,5.1,32.81
r3,all_median,default_same_events,4.84,5.29,61.21,58.25,57.72,20.48,18.08,0.883,108.9,104.5,22.2,47.6,127.0,11.8,21.6,102.5,5.6,33.93
r3,all_median,laissez_same_events,5.41,5.54,61.18,57.87,57.68,24.06,20.59,0.856,107.8,103.3,22.7,46.4,129.3,12.1,22.1,104.3,5.6,33.85
r3,all_median,active_same_events,4.27,4.34,61.66,59.03,58.55,13.72,15.2,1.108,118.8,143.5,20.7,48.9,125.6,6.3,12.7,92.1,8.0,33.25
r3,harsh_response_own_tech,played_decisions,4.77,5.27,57.88,55.11,55.11,34.42,23.21,0.674,94.6,93.7,25.9,38.2,129.6,14.7,21.7,106.4,6.5,31.49
r3,harsh_response_own_tech,played_decisions_no_events,5.03,5.03,57.18,54.31,54.31,33.91,20.42,0.602,93.3,93.2,26.6,36.7,130.0,14.8,21.2,102.9,6.6,31.23
r3,harsh_response_own_tech,default_same_events,9.77,9.77,56.13,50.65,50.65,44.16,23.72,0.537,94.6,148.0,25.6,33.9,122.9,5.9,14.5,104.8,11.4,33.54
r3,harsh_response_own_tech,laissez_same_events,12.73,12.73,54.42,47.49,47.49,53.68,20.94,0.39,75.8,78.4,29.9,29.4,121.7,21.0,32.7,107.9,8.7,33.36
r3,harsh_response_own_tech,active_same_events,7.26,7.26,58.85,54.58,54.58,31.52,20.2,0.641,98.6,126.2,25.2,37.6,127.2,8.1,15.3,100.5,9.2,32.03
r3,harsh_all,played_decisions,4.66,5.25,58.18,55.47,55.47,33.95,23.73,0.699,95.6,94.5,25.7,38.7,130.0,14.4,21.4,106.4,6.4,31.53
r3,harsh_all,played_decisions_no_events,4.93,4.93,57.45,54.62,54.62,33.55,20.94,0.624,94.3,94.0,26.4,37.1,130.5,14.6,21.0,102.9,6.5,31.25
r3,harsh_all,default_same_events,9.29,9.29,56.47,51.22,51.22,42.55,23.74,0.558,96.1,149.3,25.3,34.7,123.3,5.8,14.4,105.1,11.3,33.57
r3,harsh_all,laissez_same_events,12.45,12.45,54.77,47.95,47.95,52.94,21.5,0.406,77.0,79.3,29.6,30.0,122.4,20.5,32.4,108.1,8.6,33.37
r3,harsh_all,active_same_events,6.65,6.65,59.25,55.31,55.31,29.77,20.54,0.69,99.8,126.6,24.8,38.7,127.8,8.0,15.5,103.6,9.0,32.12
r4,all_median,played_decisions,4.1,4.28,61.27,58.76,58.5,15.73,15.08,0.959,115.4,121.5,21.3,48.7,127.2,8.7,14.8,93.7,5.6,33.12
r4,all_median,played_decisions_no_events,4.41,4.41,60.87,58.19,58.19,15.32,12.89,0.841,113.4,119.8,21.5,48.2,125.6,9.0,14.9,93.2,5.8,33.16
r4,all_median,default_same_events,4.7,4.87,61.23,58.35,58.13,19.35,17.25,0.891,110.9,106.5,22.5,46.9,129.9,11.4,20.8,99.6,5.4,33.87
r4,all_median,laissez_same_events,5.35,5.38,61.13,57.86,57.82,23.43,19.95,0.851,110.7,106.4,23.1,45.5,132.4,11.4,20.7,98.2,5.4,33.78
r4,all_median,active_same_events,3.88,4.31,62.03,59.63,58.54,14.97,18.14,1.212,122.9,148.9,20.8,48.8,128.9,5.8,12.0,88.5,7.7,33.06
r4,harsh_response_own_tech,played_decisions,5.88,5.88,58.14,54.72,54.72,25.48,13.16,0.516,96.3,104.4,24.7,40.3,124.1,11.8,18.2,103.6,6.5,32.53
r4,harsh_response_own_tech,played_decisions_no_events,6.09,6.09,57.98,54.45,54.45,24.58,11.49,0.467,95.5,103.7,24.7,40.3,122.8,12.0,18.3,103.4,6.6,32.6
r4,harsh_response_own_tech,default_same_events,7.9,7.9,57.08,52.57,52.57,33.95,15.56,0.458,87.9,87.3,26.7,36.9,123.2,16.9,28.1,109.1,7.4,33.66
r4,harsh_response_own_tech,laissez_same_events,9.66,9.66,56.65,51.18,51.18,39.75,17.44,0.439,84.6,84.9,27.8,34.3,124.2,17.9,29.1,108.3,7.7,33.54
r4,harsh_response_own_tech,active_same_events,5.78,5.78,59.93,56.47,56.47,24.09,18.17,0.754,105.1,131.8,23.8,41.1,127.0,7.4,14.4,98.2,8.8,32.46
r4,harsh_all,played_decisions,7.17,7.17,56.27,52.23,52.23,33.64,14.32,0.426,90.7,100.7,26.5,35.9,124.6,12.7,18.5,100.2,6.8,31.96
r4,harsh_all,played_decisions_no_events,7.53,7.53,55.98,51.76,51.76,33.94,13.27,0.391,89.5,99.7,26.6,35.5,123.4,13.0,18.6,99.8,6.9,31.96
r4,harsh_all,default_same_events,10.25,10.25,54.78,49.16,49.16,45.41,17.39,0.383,80.0,81.7,29.0,31.4,123.4,19.3,30.5,106.9,8.2,33.43
r4,harsh_all,laissez_same_events,12.45,12.45,54.3,47.54,47.54,52.06,19.48,0.374,76.7,79.4,30.2,28.6,125.0,20.4,31.7,106.0,8.5,33.28
r4,harsh_all,active_same_events,7.0,7.0,58.87,54.75,54.75,33.02,22.18,0.672,100.3,129.4,25.5,36.9,129.9,7.7,14.6,97.2,9.0,31.81
r5,all_median,played_decisions,4.24,5.37,61.17,58.57,57.3,23.08,21.68,0.939,117.6,117.6,22.0,47.8,130.2,9.3,14.1,88.1,5.7,33.25
r5,all_median,played_decisions_no_events,4.17,4.28,61.42,58.86,58.76,17.99,17.47,0.971,117.8,117.8,21.7,48.4,129.3,9.3,14.1,88.5,5.7,33.33
r5,all_median,default_same_events,4.43,5.71,60.92,58.22,57.2,25.07,24.35,0.971,117.1,141.1,21.7,46.6,130.4,6.5,15.1,97.3,7.6,33.84
r5,all_median,laissez_same_events,6.01,6.1,60.54,56.9,56.9,29.29,23.11,0.789,108.3,104.5,23.6,44.3,131.3,11.8,21.0,97.2,5.7,33.75
r5,all_median,active_same_events,4.54,5.3,61.4,58.62,57.32,21.93,22.26,1.015,120.5,147.2,21.2,47.6,127.6,6.0,12.0,86.5,8.0,32.98
r5,harsh_response_own_tech,played_decisions,5.65,6.0,58.57,55.25,55.25,30.22,19.42,0.643,99.7,101.7,24.8,41.0,126.1,12.5,17.3,98.2,6.8,32.99
r5,harsh_response_own_tech,played_decisions_no_events,5.5,5.5,58.89,55.65,55.65,24.17,14.48,0.599,100.4,102.1,24.4,42.0,125.1,12.4,17.3,98.8,6.8,33.11
r5,harsh_response_own_tech,default_same_events,6.43,6.83,57.6,53.9,53.9,34.58,19.97,0.578,96.1,116.8,25.0,38.8,124.2,9.5,19.3,107.8,8.6,33.71
r5,harsh_response_own_tech,laissez_same_events,9.36,9.36,56.98,51.64,51.64,40.36,19.36,0.48,86.0,86.1,27.3,35.5,122.8,17.4,28.1,107.0,7.7,33.61
r5,harsh_response_own_tech,active_same_events,6.04,6.04,59.69,56.08,56.08,27.9,20.94,0.751,104.3,130.9,23.7,41.4,124.7,7.5,14.4,96.9,9.0,32.6
r5,harsh_all,played_decisions,7.46,7.46,55.84,51.67,51.67,44.49,23.58,0.53,91.2,95.7,27.6,34.2,129.1,14.1,18.3,95.7,7.3,32.22
r5,harsh_all,played_decisions_no_events,7.28,7.28,56.24,52.15,52.15,38.72,19.15,0.495,92.3,96.5,27.2,35.2,128.2,13.9,18.1,95.6,7.3,32.34
r5,harsh_all,default_same_events,9.46,9.46,54.48,49.32,49.32,50.0,22.46,0.449,85.7,109.9,28.1,31.1,125.4,10.7,20.3,104.8,9.3,33.38
r5,harsh_all,laissez_same_events,13.45,13.45,53.64,46.42,46.42,58.41,22.68,0.388,74.9,78.5,30.8,27.3,124.2,20.9,31.7,103.4,8.8,33.21
r5,harsh_all,active_same_events,7.72,7.72,58.21,53.71,53.71,39.39,25.67,0.652,98.0,127.9,26.0,35.6,128.7,7.9,14.7,95.4,9.2,31.68
